{"cameraMode":{"drawMode":0,"name":"Shaded","section":"Shading Mode"},"sceneLighting":true,"audioPlay":false,"sceneViewState":{"m_AlwaysRefresh":false,"showFog":true,"showSkybox":true,"showFlares":true,"showImageEffects":true,"showParticleSystems":true,"showVisualEffectGraphs":true,"m_FxEnabled":false},"in2DMode":false,"pivot":{"x":1.2884395122528077,"y":-47.971275329589847,"z":-56.368839263916019},"rotation":{"x":0.0011572445509955288,"y":0.9365385174751282,"z":-0.3506021201610565,"w":0.0030917758122086527},"size":65.48094177246094,"orthographic":false}